<project name="Northern Retreat" default="create">

	<property name="build.dir" value="./distribution" />
	<property name="src.dir" value="./DevResources/game" />
	<property name="rhino.jar" value="../Libs/Rhino/js.jar" />
	<property name="jslint.js" value="../Libs/JSLint/jslint.js" />
	<property name="yuicompressor.jar" value="../Libs/yuicompressor/yuicompressor-2.4.6.jar" />

	<target name="create">
		<delete dir="${build.dir}">
		</delete>

		<!--  Concatenate all sources -->
		<concat destfile="${build.dir}/source.js">
			<filelist dir="${src.dir}/"
				files="jquery.js soundmanager2.js seedrandom.js perlinnoise.js constants.js map.js utils.js image.js font.js sound.js input.js poly2tri.js mjs.js mesh.js level.js agents.js components.js particles.js game.js main.js" />
		</concat>

			
		<!-- Copy all sources -->
		<copy todir="${build.dir}">
			<filelist dir="${src.dir}" files="index.html level_1.json title.png tiles.png font.png blip_1.mp3 button_press_1.mp3 charge.mp3 happy_music.mp3 health_pickup.mp3 hit_1.mp3 release.mp3 star_pickup.mp3 try_hit.mp3 style.css swfobject.js" />
			<fileset dir="${src.dir}" >
				<include name="soundmanager*" />
			</fileset>
		</copy>

		<!-- Run JSLint - but it is not working??? -->
		<!-- 
		<apply executable="java" parallel="false" >
			<fileset dir="${build.dir}" includes="source.js" />
			<arg line="-jar" />
			<arg path="${rhino.jar}" />
			<arg path="${jslint.js}" />
			<srcfile />
		</apply>
		 -->
		 
		 <!-- Run the compressor -->
		 <apply executable="java" parallel="false" >
			<fileset dir="${build.dir}" includes="source.js" />
			<arg line="-jar" />
			<arg path="${yuicompressor.jar}" />
			<arg line="-o ${build.dir}/source-min.js" />
			<srcfile />
		</apply>


		<delete>
			<fileset dir="${build.dir}" >
				<include name="source.js" />
			</fileset>
		</delete>
		 
	</target>
</project>